"spatial_fold","train_records","test_records","rmse","mae","q_squared","run","qc_scenario","colour_method","grain","cohort_basis","outcome","model_variant"
1,1555,400,14.5482429892045,11.4823399435843,0.154558846592243,"inclusive__primary","inclusive","primary","photo","method_specific","a","environment_only_full"
2,1562,393,14.4581476291384,11.4633636037466,0.234676248054599,"inclusive__primary","inclusive","primary","photo","method_specific","a","environment_only_full"
3,1563,392,14.3033397718049,11.8533582676905,0.437086224950721,"inclusive__primary","inclusive","primary","photo","method_specific","a","environment_only_full"
4,1571,384,13.9939998079317,11.02895803747,0.249721496545638,"inclusive__primary","inclusive","primary","photo","method_specific","a","environment_only_full"
5,1569,386,16.4637074885737,14.17532627833,-0.113624454811566,"inclusive__primary","inclusive","primary","photo","method_specific","a","environment_only_full"
1,1510,377,14.3482326186992,11.3765585819452,0.178839861406872,"inclusive__primary","inclusive","primary","photo","method_specific","a","environment_only_bombus_common"
2,1506,381,14.5389908304366,11.5956788945491,0.243950318233842,"inclusive__primary","inclusive","primary","photo","method_specific","a","environment_only_bombus_common"
3,1499,388,14.2189695738169,11.7747268225132,0.442970849963819,"inclusive__primary","inclusive","primary","photo","method_specific","a","environment_only_bombus_common"
4,1513,374,13.7288715349782,10.836663514376,0.2655193849757,"inclusive__primary","inclusive","primary","photo","method_specific","a","environment_only_bombus_common"
5,1520,367,16.2735640054538,13.9143390962457,-0.0832221925397447,"inclusive__primary","inclusive","primary","photo","method_specific","a","environment_only_bombus_common"
1,1510,377,14.3203772361363,11.0069650989121,0.182025135454749,"inclusive__primary","inclusive","primary","photo","method_specific","a","environment_plus_bombus"
2,1506,381,14.8497650272124,12.5138674530236,0.2112834152036,"inclusive__primary","inclusive","primary","photo","method_specific","a","environment_plus_bombus"
3,1499,388,13.4381891177709,11.0278563001313,0.502465534844238,"inclusive__primary","inclusive","primary","photo","method_specific","a","environment_plus_bombus"
4,1513,374,14.1691609560941,11.1551930561485,0.217653897960325,"inclusive__primary","inclusive","primary","photo","method_specific","a","environment_plus_bombus"
5,1520,367,15.4927431917717,13.2291683693725,0.0182320725225178,"inclusive__primary","inclusive","primary","photo","method_specific","a","environment_plus_bombus"
1,1555,400,11.4844475607849,9.30411917687319,0.152192491477309,"inclusive__primary","inclusive","primary","photo","method_specific","L","environment_only_full"
2,1562,393,11.4668133203377,8.94155953260873,0.189828797390156,"inclusive__primary","inclusive","primary","photo","method_specific","L","environment_only_full"
3,1563,392,14.5088214589455,11.1893293015821,0.283516867212802,"inclusive__primary","inclusive","primary","photo","method_specific","L","environment_only_full"
4,1571,384,12.1545802091071,9.75577921252934,0.167772814209008,"inclusive__primary","inclusive","primary","photo","method_specific","L","environment_only_full"
5,1569,386,13.5770088024785,11.3749054904353,-0.0693896921928772,"inclusive__primary","inclusive","primary","photo","method_specific","L","environment_only_full"
1,1510,377,11.4603949596387,9.29699413128955,0.165120199980413,"inclusive__primary","inclusive","primary","photo","method_specific","L","environment_only_bombus_common"
2,1506,381,11.5356572288886,9.01423608229054,0.208386111665554,"inclusive__primary","inclusive","primary","photo","method_specific","L","environment_only_bombus_common"
3,1499,388,14.4870845723314,11.1983822256857,0.283909165368612,"inclusive__primary","inclusive","primary","photo","method_specific","L","environment_only_bombus_common"
4,1513,374,12.1060619059073,9.70020000584931,0.172744914275509,"inclusive__primary","inclusive","primary","photo","method_specific","L","environment_only_bombus_common"
5,1520,367,13.4437138105386,11.2566065583374,-0.0402400251362034,"inclusive__primary","inclusive","primary","photo","method_specific","L","environment_only_bombus_common"
1,1510,377,11.4478905837113,9.10437864841374,0.166941071876477,"inclusive__primary","inclusive","primary","photo","method_specific","L","environment_plus_bombus"
2,1506,381,11.7048792501894,9.40655163219401,0.18499064316907,"inclusive__primary","inclusive","primary","photo","method_specific","L","environment_plus_bombus"
3,1499,388,13.9524984628819,10.9175560335762,0.335782840633044,"inclusive__primary","inclusive","primary","photo","method_specific","L","environment_plus_bombus"
4,1513,374,12.3930172714414,9.90344966182663,0.13306252840278,"inclusive__primary","inclusive","primary","photo","method_specific","L","environment_plus_bombus"
5,1520,367,12.866755270739,10.6454498590777,0.0471311626191815,"inclusive__primary","inclusive","primary","photo","method_specific","L","environment_plus_bombus"
1,1555,400,10.4361787505654,8.29941626692031,0.115514820875546,"inclusive__primary","inclusive","primary","photo","method_specific","b","environment_only_full"
2,1562,393,10.8916658776788,8.56227586369894,0.189742710454963,"inclusive__primary","inclusive","primary","photo","method_specific","b","environment_only_full"
3,1563,392,11.5939774021886,8.91573282675523,0.331742397955922,"inclusive__primary","inclusive","primary","photo","method_specific","b","environment_only_full"
4,1571,384,11.7246369971204,9.2990930953497,0.23346705880049,"inclusive__primary","inclusive","primary","photo","method_specific","b","environment_only_full"
5,1569,386,12.5815430685312,10.3177556468029,-0.0787881414781124,"inclusive__primary","inclusive","primary","photo","method_specific","b","environment_only_full"
1,1510,377,10.3232180300168,8.28035342230995,0.138769282124211,"inclusive__primary","inclusive","primary","photo","method_specific","b","environment_only_bombus_common"
2,1506,381,11.0028954564838,8.67956107910656,0.196451707514002,"inclusive__primary","inclusive","primary","photo","method_specific","b","environment_only_bombus_common"
3,1499,388,11.5673320695416,8.88732475410801,0.336436542672977,"inclusive__primary","inclusive","primary","photo","method_specific","b","environment_only_bombus_common"
4,1513,374,11.6711756632023,9.2659091197549,0.243609625588809,"inclusive__primary","inclusive","primary","photo","method_specific","b","environment_only_bombus_common"
5,1520,367,12.3909550125604,10.1157086440268,-0.0442850425728007,"inclusive__primary","inclusive","primary","photo","method_specific","b","environment_only_bombus_common"
1,1510,377,10.2837853970106,8.17153147208343,0.145336175003005,"inclusive__primary","inclusive","primary","photo","method_specific","b","environment_plus_bombus"
2,1506,381,11.1738115141649,8.94450935244912,0.171293601991397,"inclusive__primary","inclusive","primary","photo","method_specific","b","environment_plus_bombus"
3,1499,388,11.4282895236512,8.79594560028272,0.352293100632148,"inclusive__primary","inclusive","primary","photo","method_specific","b","environment_plus_bombus"
4,1513,374,11.8919824948651,9.45318709536144,0.214718611466926,"inclusive__primary","inclusive","primary","photo","method_specific","b","environment_plus_bombus"
5,1520,367,12.3863221854101,10.1115253246242,-0.0435042976407338,"inclusive__primary","inclusive","primary","photo","method_specific","b","environment_plus_bombus"
1,1521,393,14.6181766040616,11.5827958206493,0.157572925073765,"inclusive__primary","inclusive","primary","photo","all_methods_common","a","environment_only_full"
2,1531,383,14.5643822653351,11.5495178986834,0.231998046055889,"inclusive__primary","inclusive","primary","photo","all_methods_common","a","environment_only_full"
3,1527,387,14.2180796878201,11.7923394585649,0.446397514010718,"inclusive__primary","inclusive","primary","photo","all_methods_common","a","environment_only_full"
4,1541,373,14.0930223578066,11.1316193014807,0.251594555754019,"inclusive__primary","inclusive","primary","photo","all_methods_common","a","environment_only_full"
5,1536,378,16.4713156532336,14.1593592863954,-0.110521473680313,"inclusive__primary","inclusive","primary","photo","all_methods_common","a","environment_only_full"
1,1476,370,14.4188429936098,11.4806272634655,0.182439036986681,"inclusive__primary","inclusive","primary","photo","all_methods_common","a","environment_only_bombus_common"
2,1475,371,14.6496024866558,11.6870265798101,0.241435557849008,"inclusive__primary","inclusive","primary","photo","all_methods_common","a","environment_only_bombus_common"
3,1463,383,14.1280156507395,11.7041750139069,0.452442906773013,"inclusive__primary","inclusive","primary","photo","all_methods_common","a","environment_only_bombus_common"
4,1483,363,13.820693244152,10.935660480145,0.267942688655912,"inclusive__primary","inclusive","primary","photo","all_methods_common","a","environment_only_bombus_common"
5,1487,359,16.2652272950003,13.8810746928033,-0.078438372101719,"inclusive__primary","inclusive","primary","photo","all_methods_common","a","environment_only_bombus_common"
1,1476,370,14.3822128767709,11.129856622773,0.18658767970037,"inclusive__primary","inclusive","primary","photo","all_methods_common","a","environment_plus_bombus"
2,1475,371,14.9471701918454,12.5879261523,0.210306143293209,"inclusive__primary","inclusive","primary","photo","all_methods_common","a","environment_plus_bombus"
3,1463,383,13.3832098947028,10.9743147891547,0.508653741728395,"inclusive__primary","inclusive","primary","photo","all_methods_common","a","environment_plus_bombus"
4,1483,363,14.2531006452299,11.2720581928034,0.221418409511933,"inclusive__primary","inclusive","primary","photo","all_methods_common","a","environment_plus_bombus"
5,1487,359,15.5058709927222,13.2273492830778,0.0199067646974654,"inclusive__primary","inclusive","primary","photo","all_methods_common","a","environment_plus_bombus"
1,1521,393,11.5296978770617,9.34167978177987,0.151603246373133,"inclusive__primary","inclusive","primary","photo","all_methods_common","L","environment_only_full"
2,1531,383,11.4556077404459,8.88954696173242,0.186892935861004,"inclusive__primary","inclusive","primary","photo","all_methods_common","L","environment_only_full"
3,1527,387,14.6325997828397,11.2629556890463,0.284599485476396,"inclusive__primary","inclusive","primary","photo","all_methods_common","L","environment_only_full"
4,1541,373,12.2140638132503,9.77989572466226,0.163232985247064,"inclusive__primary","inclusive","primary","photo","all_methods_common","L","environment_only_full"
5,1536,378,13.6847947226796,11.5018464967139,-0.0806510575162045,"inclusive__primary","inclusive","primary","photo","all_methods_common","L","environment_only_full"
1,1476,370,11.5099122353722,9.33869464996532,0.164824784511611,"inclusive__primary","inclusive","primary","photo","all_methods_common","L","environment_only_bombus_common"
2,1475,371,11.5204681711027,8.95775126697343,0.206374934591109,"inclusive__primary","inclusive","primary","photo","all_methods_common","L","environment_only_bombus_common"
3,1463,383,14.6059653243466,11.2688525319584,0.285713260051254,"inclusive__primary","inclusive","primary","photo","all_methods_common","L","environment_only_bombus_common"
4,1483,363,12.1681409468158,9.72716135795116,0.168406020941489,"inclusive__primary","inclusive","primary","photo","all_methods_common","L","environment_only_bombus_common"
5,1487,359,13.5545257233666,11.3870195914449,-0.0507735231786113,"inclusive__primary","inclusive","primary","photo","all_methods_common","L","environment_only_bombus_common"
1,1476,370,11.4721238011638,9.10738174876826,0.170299744780524,"inclusive__primary","inclusive","primary","photo","all_methods_common","L","environment_plus_bombus"
2,1475,371,11.6742154921314,9.35675037428604,0.18505081398918,"inclusive__primary","inclusive","primary","photo","all_methods_common","L","environment_plus_bombus"
3,1463,383,14.044854257622,10.9732902732606,0.339539983183094,"inclusive__primary","inclusive","primary","photo","all_methods_common","L","environment_plus_bombus"
4,1483,363,12.475447662109,9.93773606008335,0.125871761686446,"inclusive__primary","inclusive","primary","photo","all_methods_common","L","environment_plus_bombus"
5,1487,359,12.9473467028196,10.7312337311062,0.0412574014239693,"inclusive__primary","inclusive","primary","photo","all_methods_common","L","environment_plus_bombus"
1,1521,393,10.3727767653811,8.22018297022006,0.121592548451716,"inclusive__primary","inclusive","primary","photo","all_methods_common","b","environment_only_full"
2,1531,383,10.7598630446006,8.4362429125494,0.201595259045076,"inclusive__primary","inclusive","primary","photo","all_methods_common","b","environment_only_full"
3,1527,387,11.5475713168033,8.89064295509923,0.336659434558261,"inclusive__primary","inclusive","primary","photo","all_methods_common","b","environment_only_full"
4,1541,373,11.6199492199961,9.21442583329045,0.236755301403923,"inclusive__primary","inclusive","primary","photo","all_methods_common","b","environment_only_full"
5,1536,378,12.3410633658337,10.1856185523323,-0.0875901738823457,"inclusive__primary","inclusive","primary","photo","all_methods_common","b","environment_only_full"
1,1476,370,10.2591882215433,8.2005251932621,0.144681907133343,"inclusive__primary","inclusive","primary","photo","all_methods_common","b","environment_only_bombus_common"
2,1475,371,10.8760704104627,8.55622554215363,0.208258575989927,"inclusive__primary","inclusive","primary","photo","all_methods_common","b","environment_only_bombus_common"
3,1463,383,11.5196578358693,8.86030643733421,0.34156749063031,"inclusive__primary","inclusive","primary","photo","all_methods_common","b","environment_only_bombus_common"
4,1483,363,11.5613615338954,9.17799364982819,0.247487564978666,"inclusive__primary","inclusive","primary","photo","all_methods_common","b","environment_only_bombus_common"
5,1487,359,12.1260184294514,9.96897391903177,-0.0502233003929178,"inclusive__primary","inclusive","primary","photo","all_methods_common","b","environment_only_bombus_common"
1,1476,370,10.2292946792576,8.10334551712901,0.149659150146666,"inclusive__primary","inclusive","primary","photo","all_methods_common","b","environment_plus_bombus"
2,1475,371,11.0503256939767,8.81195172139484,0.18268493539975,"inclusive__primary","inclusive","primary","photo","all_methods_common","b","environment_plus_bombus"
3,1463,383,11.4055690824136,8.7847236608936,0.354544917327925,"inclusive__primary","inclusive","primary","photo","all_methods_common","b","environment_plus_bombus"
4,1483,363,11.7913346228169,9.36895944039172,0.217252579535487,"inclusive__primary","inclusive","primary","photo","all_methods_common","b","environment_plus_bombus"
5,1487,359,12.1711765338355,10.0093051802134,-0.0580600693497713,"inclusive__primary","inclusive","primary","photo","all_methods_common","b","environment_plus_bombus"
1,1555,400,13.7228903278141,10.8380686016255,0.155969121980035,"inclusive__mean","inclusive","mean","photo","method_specific","a","environment_only_full"
2,1562,393,13.6624719209927,10.8518304605503,0.235681667636029,"inclusive__mean","inclusive","mean","photo","method_specific","a","environment_only_full"
3,1563,392,13.2845035323347,10.9954758267398,0.444254884769389,"inclusive__mean","inclusive","mean","photo","method_specific","a","environment_only_full"
4,1571,384,13.04988459827,10.2879644162536,0.253425099548585,"inclusive__mean","inclusive","mean","photo","method_specific","a","environment_only_full"
5,1569,386,15.5283782872751,13.3323980619471,-0.101628848915513,"inclusive__mean","inclusive","mean","photo","method_specific","a","environment_only_full"
1,1510,377,13.5666612042636,10.7477310353028,0.178494517470995,"inclusive__mean","inclusive","mean","photo","method_specific","a","environment_only_bombus_common"
2,1506,381,13.7334153947295,10.976316832616,0.245108215673511,"inclusive__mean","inclusive","mean","photo","method_specific","a","environment_only_bombus_common"
3,1499,388,13.2042171724309,10.9117793284501,0.450207529789375,"inclusive__mean","inclusive","mean","photo","method_specific","a","environment_only_bombus_common"
4,1513,374,12.7733470813452,10.1029700017985,0.27036702666428,"inclusive__mean","inclusive","mean","photo","method_specific","a","environment_only_bombus_common"
5,1520,367,15.3519297896413,13.0884558132667,-0.0715280875097186,"inclusive__mean","inclusive","mean","photo","method_specific","a","environment_only_bombus_common"
1,1510,377,13.537700187292,10.4058660520824,0.181998141484384,"inclusive__mean","inclusive","mean","photo","method_specific","a","environment_plus_bombus"
2,1506,381,14.0182419369714,11.8129002811833,0.213471093757709,"inclusive__mean","inclusive","mean","photo","method_specific","a","environment_plus_bombus"
3,1499,388,12.5200482103148,10.2703010604288,0.505705847624149,"inclusive__mean","inclusive","mean","photo","method_specific","a","environment_plus_bombus"
4,1513,374,13.2017354600479,10.3707589151179,0.220605964363404,"inclusive__mean","inclusive","mean","photo","method_specific","a","environment_plus_bombus"
5,1520,367,14.6804334720953,12.4921498602355,0.0201595435955279,"inclusive__mean","inclusive","mean","photo","method_specific","a","environment_plus_bombus"
1,1521,393,13.812496687458,10.9585692403504,0.157791327118576,"inclusive__mean","inclusive","mean","photo","all_methods_common","a","environment_only_full"
2,1531,383,13.7546570773224,10.9223638770881,0.232785719819916,"inclusive__mean","inclusive","mean","photo","all_methods_common","a","environment_only_full"
3,1527,387,13.2113171890037,10.9400312692607,0.453171939917106,"inclusive__mean","inclusive","mean","photo","all_methods_common","a","environment_only_full"
4,1541,373,13.1458219989918,10.3988410330442,0.254451631981306,"inclusive__mean","inclusive","mean","photo","all_methods_common","a","environment_only_full"
5,1536,378,15.5435749879669,13.325811208606,-0.0981065745865204,"inclusive__mean","inclusive","mean","photo","all_methods_common","a","environment_only_full"
1,1476,370,13.6592295037366,10.873234417511,0.180715427490274,"inclusive__mean","inclusive","mean","photo","all_methods_common","a","environment_only_bombus_common"
2,1475,371,13.8286966374417,11.0519715489191,0.242436320130307,"inclusive__mean","inclusive","mean","photo","all_methods_common","a","environment_only_bombus_common"
3,1463,383,13.1256227404579,10.84799214462,0.459304121907284,"inclusive__mean","inclusive","mean","photo","all_methods_common","a","environment_only_bombus_common"
4,1483,363,12.8625707324873,10.2110650397559,0.271923936660138,"inclusive__mean","inclusive","mean","photo","all_methods_common","a","environment_only_bombus_common"
5,1487,359,15.3536686854,13.0664660839834,-0.0664615863570837,"inclusive__mean","inclusive","mean","photo","all_methods_common","a","environment_only_bombus_common"
1,1476,370,13.6231139698329,10.5488864746114,0.185042140449658,"inclusive__mean","inclusive","mean","photo","all_methods_common","a","environment_plus_bombus"
2,1475,371,14.0998068137702,11.8720805632498,0.212441232848446,"inclusive__mean","inclusive","mean","photo","all_methods_common","a","environment_plus_bombus"
3,1463,383,12.4737075344553,10.2272250404687,0.511680195537676,"inclusive__mean","inclusive","mean","photo","all_methods_common","a","environment_plus_bombus"
4,1483,363,13.2808474823891,10.4881384304138,0.223801534709709,"inclusive__mean","inclusive","mean","photo","all_methods_common","a","environment_plus_bombus"
5,1487,359,14.7022033461524,12.4944841153086,0.0221196086026884,"inclusive__mean","inclusive","mean","photo","all_methods_common","a","environment_plus_bombus"
1,1523,393,14.018491822479,11.2174834565387,0.164310788760006,"inclusive__legacy","inclusive","legacy","photo","method_specific","a","environment_only_full"
2,1531,385,13.7998989074826,11.1365190183874,0.240802898237513,"inclusive__legacy","inclusive","legacy","photo","method_specific","a","environment_only_full"
3,1529,387,13.4267914635599,11.2172453155977,0.451793170042148,"inclusive__legacy","inclusive","legacy","photo","method_specific","a","environment_only_full"
4,1543,373,13.2724813787473,10.6875479648573,0.254430637985161,"inclusive__legacy","inclusive","legacy","photo","method_specific","a","environment_only_full"
5,1538,378,15.8584897377218,13.802345121543,-0.100837359198592,"inclusive__legacy","inclusive","legacy","photo","method_specific","a","environment_only_full"
1,1478,370,13.8840373657919,11.1299636444269,0.186572205787028,"inclusive__legacy","inclusive","legacy","photo","method_specific","a","environment_only_bombus_common"
2,1475,373,13.8656078275145,11.2514599830778,0.251890142690079,"inclusive__legacy","inclusive","legacy","photo","method_specific","a","environment_only_bombus_common"
3,1465,383,13.3341661150333,11.1175522314302,0.458446178268988,"inclusive__legacy","inclusive","legacy","photo","method_specific","a","environment_only_bombus_common"
4,1485,363,13.0003345969262,10.5056320837351,0.272095922216771,"inclusive__legacy","inclusive","legacy","photo","method_specific","a","environment_only_bombus_common"
5,1489,359,15.6783340110309,13.5599035152513,-0.0698636670328361,"inclusive__legacy","inclusive","legacy","photo","method_specific","a","environment_only_bombus_common"
1,1478,370,13.8366954233029,10.7902987175571,0.192110018197878,"inclusive__legacy","inclusive","legacy","photo","method_specific","a","environment_plus_bombus"
2,1475,373,14.1490913691009,12.0709861913026,0.220987091194349,"inclusive__legacy","inclusive","legacy","photo","method_specific","a","environment_plus_bombus"
3,1465,383,12.6962927247614,10.4677314722038,0.509020051015198,"inclusive__legacy","inclusive","legacy","photo","method_specific","a","environment_plus_bombus"
4,1485,363,13.3751067843125,10.6758549651434,0.229523125435557,"inclusive__legacy","inclusive","legacy","photo","method_specific","a","environment_plus_bombus"
5,1489,359,15.057070718526,13.0105824980579,0.0132444120714247,"inclusive__legacy","inclusive","legacy","photo","method_specific","a","environment_plus_bombus"
1,1521,393,14.0216559047106,11.2316041744625,0.164847822476426,"inclusive__legacy","inclusive","legacy","photo","all_methods_common","a","environment_only_full"
2,1531,383,13.8262562375479,11.1580411039718,0.239049400558143,"inclusive__legacy","inclusive","legacy","photo","all_methods_common","a","environment_only_full"
3,1527,387,13.4242001757983,11.2154642315648,0.451527827758528,"inclusive__legacy","inclusive","legacy","photo","all_methods_common","a","environment_only_full"
4,1541,373,13.2729728342384,10.6883305994866,0.253829156090965,"inclusive__legacy","inclusive","legacy","photo","all_methods_common","a","environment_only_full"
5,1536,378,15.8598172397166,13.8043145427341,-0.100632075915122,"inclusive__legacy","inclusive","legacy","photo","all_methods_common","a","environment_only_full"
1,1476,370,13.8872127713402,11.1443664869356,0.18717780766145,"inclusive__legacy","inclusive","legacy","photo","all_methods_common","a","environment_only_bombus_common"
2,1475,371,13.8922411291092,11.2727205981927,0.250116683280175,"inclusive__legacy","inclusive","legacy","photo","all_methods_common","a","environment_only_bombus_common"
3,1463,383,13.3314482111982,11.1157101371208,0.458164448324283,"inclusive__legacy","inclusive","legacy","photo","all_methods_common","a","environment_only_bombus_common"
4,1483,363,13.0008289925747,10.5066134618602,0.271462786903591,"inclusive__legacy","inclusive","legacy","photo","all_methods_common","a","environment_only_bombus_common"
5,1487,359,15.6796790908833,13.5617622462479,-0.0697143054107285,"inclusive__legacy","inclusive","legacy","photo","all_methods_common","a","environment_only_bombus_common"
1,1476,370,13.8379776219065,10.8038395966659,0.1929310831616,"inclusive__legacy","inclusive","legacy","photo","all_methods_common","a","environment_plus_bombus"
2,1475,371,14.1730799366317,12.0899433377741,0.219491675959875,"inclusive__legacy","inclusive","legacy","photo","all_methods_common","a","environment_plus_bombus"
3,1463,383,12.6920955191295,10.4652812969997,0.508889181520863,"inclusive__legacy","inclusive","legacy","photo","all_methods_common","a","environment_plus_bombus"
4,1483,363,13.3767310128324,10.6777833308239,0.228724321113753,"inclusive__legacy","inclusive","legacy","photo","all_methods_common","a","environment_plus_bombus"
5,1487,359,15.0570975147795,13.0115607272461,0.0135479266539283,"inclusive__legacy","inclusive","legacy","photo","all_methods_common","a","environment_plus_bombus"
1,1555,400,14.9179297287593,11.5704748591893,0.160243037523405,"inclusive__hsv_peak","inclusive","hsv_peak","photo","method_specific","a","environment_only_full"
2,1562,393,14.604037069365,11.4160758111145,0.234582079614723,"inclusive__hsv_peak","inclusive","hsv_peak","photo","method_specific","a","environment_only_full"
3,1563,392,15.0276029575395,12.3270685355801,0.426427549130242,"inclusive__hsv_peak","inclusive","hsv_peak","photo","method_specific","a","environment_only_full"
4,1571,384,14.2352116580203,11.3494246971633,0.246184789207403,"inclusive__hsv_peak","inclusive","hsv_peak","photo","method_specific","a","environment_only_full"
5,1569,386,16.8956556360617,14.6667047995351,-0.0899627093146915,"inclusive__hsv_peak","inclusive","hsv_peak","photo","method_specific","a","environment_only_full"
1,1510,377,14.8727630849973,11.5467762556401,0.177751331939966,"inclusive__hsv_peak","inclusive","hsv_peak","photo","method_specific","a","environment_only_bombus_common"
2,1506,381,14.6475147711405,11.5254514646307,0.248547875952505,"inclusive__hsv_peak","inclusive","hsv_peak","photo","method_specific","a","environment_only_bombus_common"
3,1499,388,14.9522585404745,12.2563349538647,0.4313259563369,"inclusive__hsv_peak","inclusive","hsv_peak","photo","method_specific","a","environment_only_bombus_common"
4,1513,374,13.9460111368201,11.1508140681766,0.26303159943733,"inclusive__hsv_peak","inclusive","hsv_peak","photo","method_specific","a","environment_only_bombus_common"
5,1520,367,16.7568188692914,14.4512905687812,-0.0621008289988989,"inclusive__hsv_peak","inclusive","hsv_peak","photo","method_specific","a","environment_only_bombus_common"
1,1510,377,14.8232563361467,11.1001599116659,0.183216235523558,"inclusive__hsv_peak","inclusive","hsv_peak","photo","method_specific","a","environment_plus_bombus"
2,1506,381,14.9676975987804,12.5001618999348,0.215336542424811,"inclusive__hsv_peak","inclusive","hsv_peak","photo","method_specific","a","environment_plus_bombus"
3,1499,388,14.1252416232139,11.5521370153731,0.492493532378441,"inclusive__hsv_peak","inclusive","hsv_peak","photo","method_specific","a","environment_plus_bombus"
4,1513,374,14.3271103026346,11.3377043200609,0.222203364221938,"inclusive__hsv_peak","inclusive","hsv_peak","photo","method_specific","a","environment_plus_bombus"
5,1520,367,15.9186067141798,13.6311750648618,0.041498705614344,"inclusive__hsv_peak","inclusive","hsv_peak","photo","method_specific","a","environment_plus_bombus"
1,1521,393,15.0308730233164,11.7291563518133,0.159108686309398,"inclusive__hsv_peak","inclusive","hsv_peak","photo","all_methods_common","a","environment_only_full"
2,1531,383,14.7152734823673,11.5255579153255,0.231967624010668,"inclusive__hsv_peak","inclusive","hsv_peak","photo","all_methods_common","a","environment_only_full"
3,1527,387,14.9547458198721,12.2782048161603,0.434481489928142,"inclusive__hsv_peak","inclusive","hsv_peak","photo","all_methods_common","a","environment_only_full"
4,1541,373,14.3542418667192,11.4870763644342,0.245715954034354,"inclusive__hsv_peak","inclusive","hsv_peak","photo","all_methods_common","a","environment_only_full"
5,1536,378,16.8962229923435,14.6558203487421,-0.0868012400036218,"inclusive__hsv_peak","inclusive","hsv_peak","photo","all_methods_common","a","environment_only_full"
1,1476,370,14.9913673585022,11.7117468526487,0.176718403570307,"inclusive__hsv_peak","inclusive","hsv_peak","photo","all_methods_common","a","environment_only_bombus_common"
2,1475,371,14.7629155116483,11.6420527156084,0.246177143909947,"inclusive__hsv_peak","inclusive","hsv_peak","photo","all_methods_common","a","environment_only_bombus_common"
3,1463,383,14.8736968942906,12.1985609973788,0.439531207768624,"inclusive__hsv_peak","inclusive","hsv_peak","photo","all_methods_common","a","environment_only_bombus_common"
4,1483,363,14.0576324764162,11.2785683855547,0.263077825413072,"inclusive__hsv_peak","inclusive","hsv_peak","photo","all_methods_common","a","environment_only_bombus_common"
5,1487,359,16.7434317644254,14.4243672263033,-0.057524812347711,"inclusive__hsv_peak","inclusive","hsv_peak","photo","all_methods_common","a","environment_only_bombus_common"
1,1476,370,14.9427916035767,11.2874250796495,0.182045033606032,"inclusive__hsv_peak","inclusive","hsv_peak","photo","all_methods_common","a","environment_plus_bombus"
2,1475,371,15.0745075549569,12.5975637953236,0.214020352832389,"inclusive__hsv_peak","inclusive","hsv_peak","photo","all_methods_common","a","environment_plus_bombus"
3,1463,383,14.0822578391885,11.5269177544215,0.497590127136956,"inclusive__hsv_peak","inclusive","hsv_peak","photo","all_methods_common","a","environment_plus_bombus"
4,1483,363,14.4344543612422,11.4822567279334,0.22304118457995,"inclusive__hsv_peak","inclusive","hsv_peak","photo","all_methods_common","a","environment_plus_bombus"
5,1487,359,15.9290223263512,13.6390988130931,0.0428503283665614,"inclusive__hsv_peak","inclusive","hsv_peak","photo","all_methods_common","a","environment_plus_bombus"
1,1553,400,14.9494027856354,11.6457583204891,0.163724410199813,"inclusive__hsv_exposure_filtered_peak","inclusive","hsv_exposure_filtered_peak","photo","method_specific","a","environment_only_full"
2,1562,391,14.6679227613681,11.5039294368203,0.234118590780522,"inclusive__hsv_exposure_filtered_peak","inclusive","hsv_exposure_filtered_peak","photo","method_specific","a","environment_only_full"
3,1561,392,14.9859145312347,12.2668187226102,0.429261781723195,"inclusive__hsv_exposure_filtered_peak","inclusive","hsv_exposure_filtered_peak","photo","method_specific","a","environment_only_full"
4,1569,384,14.2128726252899,11.2902554997093,0.25156113336929,"inclusive__hsv_exposure_filtered_peak","inclusive","hsv_exposure_filtered_peak","photo","method_specific","a","environment_only_full"
5,1567,386,16.9187082736568,14.6641793654913,-0.0889625737293263,"inclusive__hsv_exposure_filtered_peak","inclusive","hsv_exposure_filtered_peak","photo","method_specific","a","environment_only_full"
1,1508,377,14.9064028379435,11.622501264714,0.181097926302583,"inclusive__hsv_exposure_filtered_peak","inclusive","hsv_exposure_filtered_peak","photo","method_specific","a","environment_only_bombus_common"
2,1506,379,14.7136959514057,11.6104681472528,0.248019068551543,"inclusive__hsv_exposure_filtered_peak","inclusive","hsv_exposure_filtered_peak","photo","method_specific","a","environment_only_bombus_common"
3,1497,388,14.9082902335133,12.1931192568604,0.43418034419336,"inclusive__hsv_exposure_filtered_peak","inclusive","hsv_exposure_filtered_peak","photo","method_specific","a","environment_only_bombus_common"
4,1511,374,13.9300753157172,11.1033455670053,0.267979440743827,"inclusive__hsv_exposure_filtered_peak","inclusive","hsv_exposure_filtered_peak","photo","method_specific","a","environment_only_bombus_common"
5,1518,367,16.7648689566452,14.434844938535,-0.0604611400938182,"inclusive__hsv_exposure_filtered_peak","inclusive","hsv_exposure_filtered_peak","photo","method_specific","a","environment_only_bombus_common"
1,1508,377,14.8557455647761,11.1629812183296,0.186654311554277,"inclusive__hsv_exposure_filtered_peak","inclusive","hsv_exposure_filtered_peak","photo","method_specific","a","environment_plus_bombus"
2,1506,379,15.031398916873,12.568084692195,0.21519443395837,"inclusive__hsv_exposure_filtered_peak","inclusive","hsv_exposure_filtered_peak","photo","method_specific","a","environment_plus_bombus"
3,1497,388,14.0712422738752,11.4926199980567,0.495934198603742,"inclusive__hsv_exposure_filtered_peak","inclusive","hsv_exposure_filtered_peak","photo","method_specific","a","environment_plus_bombus"
4,1511,374,14.3061496357814,11.3051134413876,0.227920758227841,"inclusive__hsv_exposure_filtered_peak","inclusive","hsv_exposure_filtered_peak","photo","method_specific","a","environment_plus_bombus"
5,1518,367,15.9156015381823,13.6120304497696,0.0442582721238678,"inclusive__hsv_exposure_filtered_peak","inclusive","hsv_exposure_filtered_peak","photo","method_specific","a","environment_plus_bombus"
1,1521,393,15.0577809116887,11.7769493320942,0.162706762672609,"inclusive__hsv_exposure_filtered_peak","inclusive","hsv_exposure_filtered_peak","photo","all_methods_common","a","environment_only_full"
2,1531,383,14.7497836138535,11.5845615212994,0.233192124511753,"inclusive__hsv_exposure_filtered_peak","inclusive","hsv_exposure_filtered_peak","photo","all_methods_common","a","environment_only_full"
3,1527,387,14.9133276127096,12.2176093504754,0.437800908903664,"inclusive__hsv_exposure_filtered_peak","inclusive","hsv_exposure_filtered_peak","photo","all_methods_common","a","environment_only_full"
4,1541,373,14.3313252538584,11.4277694364309,0.251918168823152,"inclusive__hsv_exposure_filtered_peak","inclusive","hsv_exposure_filtered_peak","photo","all_methods_common","a","environment_only_full"
5,1536,378,16.9156613502503,14.6481158879117,-0.0858102762453066,"inclusive__hsv_exposure_filtered_peak","inclusive","hsv_exposure_filtered_peak","photo","all_methods_common","a","environment_only_full"
1,1476,370,15.0203875934565,11.7594217452026,0.180159360166032,"inclusive__hsv_exposure_filtered_peak","inclusive","hsv_exposure_filtered_peak","photo","all_methods_common","a","environment_only_bombus_common"
2,1475,371,14.7991954714546,11.6983834578978,0.247372129748096,"inclusive__hsv_exposure_filtered_peak","inclusive","hsv_exposure_filtered_peak","photo","all_methods_common","a","environment_only_bombus_common"
3,1463,383,14.8300821119284,12.1343058730928,0.442890351445264,"inclusive__hsv_exposure_filtered_peak","inclusive","hsv_exposure_filtered_peak","photo","all_methods_common","a","environment_only_bombus_common"
4,1483,363,14.0412946486329,11.2300469768998,0.268891173591605,"inclusive__hsv_exposure_filtered_peak","inclusive","hsv_exposure_filtered_peak","photo","all_methods_common","a","environment_only_bombus_common"
5,1487,359,16.7471089147673,14.4023412177847,-0.0557913442726783,"inclusive__hsv_exposure_filtered_peak","inclusive","hsv_exposure_filtered_peak","photo","all_methods_common","a","environment_only_bombus_common"
1,1476,370,14.9708312248206,11.3246981810193,0.185560193232078,"inclusive__hsv_exposure_filtered_peak","inclusive","hsv_exposure_filtered_peak","photo","all_methods_common","a","environment_plus_bombus"
2,1475,371,15.1101475034257,12.639577655148,0.215412307478693,"inclusive__hsv_exposure_filtered_peak","inclusive","hsv_exposure_filtered_peak","photo","all_methods_common","a","environment_plus_bombus"
3,1463,383,14.030740994318,11.4673041208962,0.501328229128084,"inclusive__hsv_exposure_filtered_peak","inclusive","hsv_exposure_filtered_peak","photo","all_methods_common","a","environment_plus_bombus"
4,1483,363,14.4105645155067,11.4484669953341,0.22993087816207,"inclusive__hsv_exposure_filtered_peak","inclusive","hsv_exposure_filtered_peak","photo","all_methods_common","a","environment_plus_bombus"
5,1487,359,15.9214179813694,13.6123539985264,0.0457506000430361,"inclusive__hsv_exposure_filtered_peak","inclusive","hsv_exposure_filtered_peak","photo","all_methods_common","a","environment_plus_bombus"
1,1555,400,14.9247895582118,11.5721515962619,0.158548423153964,"inclusive__alpha_peak","inclusive","alpha_peak","photo","method_specific","a","environment_only_full"
2,1562,393,14.6042645744408,11.4048394207536,0.233053107640686,"inclusive__alpha_peak","inclusive","alpha_peak","photo","method_specific","a","environment_only_full"
3,1563,392,15.0531628638717,12.3581551634022,0.42449674132553,"inclusive__alpha_peak","inclusive","alpha_peak","photo","method_specific","a","environment_only_full"
4,1571,384,14.2514289690697,11.3707064841934,0.245188120591877,"inclusive__alpha_peak","inclusive","alpha_peak","photo","method_specific","a","environment_only_full"
5,1569,386,16.9201149298192,14.7035753499191,-0.089576891007215,"inclusive__alpha_peak","inclusive","alpha_peak","photo","method_specific","a","environment_only_full"
1,1510,377,14.8794134353416,11.5479860990395,0.176030154687356,"inclusive__alpha_peak","inclusive","alpha_peak","photo","method_specific","a","environment_only_bombus_common"
2,1506,381,14.6455360216799,11.5123291483355,0.247202711978462,"inclusive__alpha_peak","inclusive","alpha_peak","photo","method_specific","a","environment_only_bombus_common"
3,1499,388,14.9789138750221,12.28854794044,0.429329787195395,"inclusive__alpha_peak","inclusive","alpha_peak","photo","method_specific","a","environment_only_bombus_common"
4,1513,374,13.9625044409398,11.1705606624259,0.262051648121175,"inclusive__alpha_peak","inclusive","alpha_peak","photo","method_specific","a","environment_only_bombus_common"
5,1520,367,16.7865156082362,14.492774824145,-0.0620911844021523,"inclusive__alpha_peak","inclusive","alpha_peak","photo","method_specific","a","environment_only_bombus_common"
1,1510,377,14.8294563455955,11.1001630437106,0.181553764045126,"inclusive__alpha_peak","inclusive","alpha_peak","photo","method_specific","a","environment_plus_bombus"
2,1506,381,14.9597771539899,12.4844977443331,0.214551433291204,"inclusive__alpha_peak","inclusive","alpha_peak","photo","method_specific","a","environment_plus_bombus"
3,1499,388,14.1576371197166,11.5920166546532,0.490192629402126,"inclusive__alpha_peak","inclusive","alpha_peak","photo","method_specific","a","environment_plus_bombus"
4,1513,374,14.3415042815411,11.3337780815402,0.221446014162123,"inclusive__alpha_peak","inclusive","alpha_peak","photo","method_specific","a","environment_plus_bombus"
5,1520,367,15.9512388824896,13.6793879271644,0.0409758914512961,"inclusive__alpha_peak","inclusive","alpha_peak","photo","method_specific","a","environment_plus_bombus"
1,1521,393,15.0439010526638,11.7461665518262,0.15797948892874,"inclusive__alpha_peak","inclusive","alpha_peak","photo","all_methods_common","a","environment_only_full"
2,1531,383,14.7148845562864,11.511381237611,0.230616443187051,"inclusive__alpha_peak","inclusive","alpha_peak","photo","all_methods_common","a","environment_only_full"
3,1527,387,14.9776122050815,12.3066707201285,0.432671355266759,"inclusive__alpha_peak","inclusive","alpha_peak","photo","all_methods_common","a","environment_only_full"
4,1541,373,14.3674326928732,11.5005862464823,0.245162548016872,"inclusive__alpha_peak","inclusive","alpha_peak","photo","all_methods_common","a","environment_only_full"
5,1536,378,16.8948088261946,14.6729360074549,-0.0858590787527789,"inclusive__alpha_peak","inclusive","alpha_peak","photo","all_methods_common","a","environment_only_full"
1,1476,370,15.0047904464469,11.7289708090424,0.175565602221597,"inclusive__alpha_peak","inclusive","alpha_peak","photo","all_methods_common","a","environment_only_bombus_common"
2,1475,371,14.7601351127495,11.6259010193176,0.245032824804425,"inclusive__alpha_peak","inclusive","alpha_peak","photo","all_methods_common","a","environment_only_bombus_common"
3,1463,383,14.8979331371482,12.228761735154,0.437631372334914,"inclusive__alpha_peak","inclusive","alpha_peak","photo","all_methods_common","a","environment_only_bombus_common"
4,1483,363,14.070874611548,11.2911011452592,0.262555919082934,"inclusive__alpha_peak","inclusive","alpha_peak","photo","all_methods_common","a","environment_only_bombus_common"
5,1487,359,16.7455197001081,14.4452818617494,-0.0568520811891138,"inclusive__alpha_peak","inclusive","alpha_peak","photo","all_methods_common","a","environment_only_bombus_common"
1,1476,370,14.9536092536486,11.3043622349298,0.181180285310099,"inclusive__alpha_peak","inclusive","alpha_peak","photo","all_methods_common","a","environment_plus_bombus"
2,1475,371,15.064709162988,12.5778804501333,0.213554001705935,"inclusive__alpha_peak","inclusive","alpha_peak","photo","all_methods_common","a","environment_plus_bombus"
3,1463,383,14.1154466135123,11.5663121832048,0.495154730597838,"inclusive__alpha_peak","inclusive","alpha_peak","photo","all_methods_common","a","environment_plus_bombus"
4,1483,363,14.4471368110808,11.4804471983892,0.222589362077807,"inclusive__alpha_peak","inclusive","alpha_peak","photo","all_methods_common","a","environment_plus_bombus"
5,1487,359,15.9347429849796,13.6665286606247,0.0430107219147489,"inclusive__alpha_peak","inclusive","alpha_peak","photo","all_methods_common","a","environment_plus_bombus"
1,940,237,14.17434986266,11.2463283870258,0.163299294747757,"strict_ok__primary","strict_ok","primary","photo","method_specific","a","environment_only_full"
2,936,241,14.1217249020306,11.0073273191775,0.230117982045875,"strict_ok__primary","strict_ok","primary","photo","method_specific","a","environment_only_full"
3,939,238,13.6819970693824,11.4813127033508,0.43213596628008,"strict_ok__primary","strict_ok","primary","photo","method_specific","a","environment_only_full"
4,943,234,14.1628198452739,11.0697453493872,0.272558016058434,"strict_ok__primary","strict_ok","primary","photo","method_specific","a","environment_only_full"
5,950,227,16.8701682707893,14.4305406571126,-0.115332278429274,"strict_ok__primary","strict_ok","primary","photo","method_specific","a","environment_only_full"
1,919,223,13.8959772990565,11.0978883814892,0.186542440750572,"strict_ok__primary","strict_ok","primary","photo","method_specific","a","environment_only_bombus_common"
2,907,235,14.158625201447,11.0398222028953,0.238446023902368,"strict_ok__primary","strict_ok","primary","photo","method_specific","a","environment_only_bombus_common"
3,906,236,13.5878423400043,11.3872016353607,0.439897446146945,"strict_ok__primary","strict_ok","primary","photo","method_specific","a","environment_only_bombus_common"
4,911,231,13.7844560216416,10.8333073849735,0.28406935777253,"strict_ok__primary","strict_ok","primary","photo","method_specific","a","environment_only_bombus_common"
5,925,217,16.7382982941687,14.2011250889285,-0.0911214020038151,"strict_ok__primary","strict_ok","primary","photo","method_specific","a","environment_only_bombus_common"
1,919,223,13.9056178886283,10.8083052322481,0.185413346965692,"strict_ok__primary","strict_ok","primary","photo","method_specific","a","environment_plus_bombus"
2,907,235,14.3511010337953,11.7996603017936,0.217599782038147,"strict_ok__primary","strict_ok","primary","photo","method_specific","a","environment_plus_bombus"
3,906,236,13.0680702219165,10.8937537073051,0.481928771918729,"strict_ok__primary","strict_ok","primary","photo","method_specific","a","environment_plus_bombus"
4,911,231,14.1472937706823,11.1154416548574,0.245883522596814,"strict_ok__primary","strict_ok","primary","photo","method_specific","a","environment_plus_bombus"
5,925,217,16.2001786779183,13.7059023063209,-0.0220922074460479,"strict_ok__primary","strict_ok","primary","photo","method_specific","a","environment_plus_bombus"
1,940,237,10.6562078900327,8.39765255730821,0.149122375280695,"strict_ok__primary","strict_ok","primary","photo","method_specific","L","environment_only_full"
2,936,241,10.6341503159577,8.41032237745003,0.187061488883748,"strict_ok__primary","strict_ok","primary","photo","method_specific","L","environment_only_full"
3,939,238,12.9809788396656,9.85844505345721,0.266535478768941,"strict_ok__primary","strict_ok","primary","photo","method_specific","L","environment_only_full"
4,943,234,10.9707198126679,9.05117846050763,0.191756268264122,"strict_ok__primary","strict_ok","primary","photo","method_specific","L","environment_only_full"
5,950,227,13.0719207236131,11.0284259118095,-0.058999863553135,"strict_ok__primary","strict_ok","primary","photo","method_specific","L","environment_only_full"
1,919,223,10.7136500728348,8.42386665062014,0.155368884846276,"strict_ok__primary","strict_ok","primary","photo","method_specific","L","environment_only_bombus_common"
2,907,235,10.7136673436709,8.4897572513623,0.202795826680659,"strict_ok__primary","strict_ok","primary","photo","method_specific","L","environment_only_bombus_common"
3,906,236,12.9749009367549,9.879533243274,0.270285419421395,"strict_ok__primary","strict_ok","primary","photo","method_specific","L","environment_only_bombus_common"
4,911,231,10.8962165445994,8.97819282768401,0.19918689676496,"strict_ok__primary","strict_ok","primary","photo","method_specific","L","environment_only_bombus_common"
5,925,217,13.0706762112608,11.0195632161115,-0.0376128771857194,"strict_ok__primary","strict_ok","primary","photo","method_specific","L","environment_only_bombus_common"
1,919,223,10.7367668353386,8.27990176385694,0.151720044090741,"strict_ok__primary","strict_ok","primary","photo","method_specific","L","environment_plus_bombus"
2,907,235,10.8400193182672,8.77385110832732,0.18388124038127,"strict_ok__primary","strict_ok","primary","photo","method_specific","L","environment_plus_bombus"
3,906,236,12.7042898891954,9.77674581036578,0.300406585436808,"strict_ok__primary","strict_ok","primary","photo","method_specific","L","environment_plus_bombus"
4,911,231,11.1177467627033,9.10021374787302,0.166293332669197,"strict_ok__primary","strict_ok","primary","photo","method_specific","L","environment_plus_bombus"
5,925,217,12.7315316741606,10.5837074142117,0.0155343897331415,"strict_ok__primary","strict_ok","primary","photo","method_specific","L","environment_plus_bombus"
1,940,237,10.576443101982,8.2407795176855,0.0966705757635749,"strict_ok__primary","strict_ok","primary","photo","method_specific","b","environment_only_full"
2,936,241,10.651581088452,8.4532751066346,0.190699892807744,"strict_ok__primary","strict_ok","primary","photo","method_specific","b","environment_only_full"
3,939,238,10.6361192530795,8.23309073825806,0.36817240099089,"strict_ok__primary","strict_ok","primary","photo","method_specific","b","environment_only_full"
4,943,234,11.8145229861973,9.46794541095382,0.238346124529126,"strict_ok__primary","strict_ok","primary","photo","method_specific","b","environment_only_full"
5,950,227,12.1544812629158,10.2015204979097,-0.125275659947691,"strict_ok__primary","strict_ok","primary","photo","method_specific","b","environment_only_full"
1,919,223,10.3254378700459,8.1658694481204,0.119341220734751,"strict_ok__primary","strict_ok","primary","photo","method_specific","b","environment_only_bombus_common"
2,907,235,10.6922680358669,8.47178711636397,0.199435113660802,"strict_ok__primary","strict_ok","primary","photo","method_specific","b","environment_only_bombus_common"
3,906,236,10.601765775977,8.21654501220867,0.372370858677769,"strict_ok__primary","strict_ok","primary","photo","method_specific","b","environment_only_bombus_common"
4,911,231,11.6754826487627,9.35420766908713,0.246584923388985,"strict_ok__primary","strict_ok","primary","photo","method_specific","b","environment_only_bombus_common"
5,925,217,12.0222766286321,10.0484980425062,-0.0966751441716842,"strict_ok__primary","strict_ok","primary","photo","method_specific","b","environment_only_bombus_common"
1,919,223,10.3157573545781,8.11406716621737,0.120991753073897,"strict_ok__primary","strict_ok","primary","photo","method_specific","b","environment_plus_bombus"
2,907,235,10.8176336470292,8.67675000158914,0.180551995501928,"strict_ok__primary","strict_ok","primary","photo","method_specific","b","environment_plus_bombus"
3,906,236,10.5356502325573,8.19213010565664,0.380174587268347,"strict_ok__primary","strict_ok","primary","photo","method_specific","b","environment_plus_bombus"
4,911,231,11.9028687953204,9.57826787639858,0.216952848695724,"strict_ok__primary","strict_ok","primary","photo","method_specific","b","environment_plus_bombus"
5,925,217,12.372974214405,10.3428711761153,-0.161589780926681,"strict_ok__primary","strict_ok","primary","photo","method_specific","b","environment_plus_bombus"
1,931,233,14.2270484158668,11.2823002178296,0.161971608189292,"strict_ok__primary","strict_ok","primary","photo","all_methods_common","a","environment_only_full"
2,925,239,14.1687383312318,11.0710734650843,0.232490703296663,"strict_ok__primary","strict_ok","primary","photo","all_methods_common","a","environment_only_full"
3,927,237,13.635628093389,11.4557478743218,0.435768947054315,"strict_ok__primary","strict_ok","primary","photo","all_methods_common","a","environment_only_full"
4,934,230,14.221599523743,11.1372861887272,0.27654031309065,"strict_ok__primary","strict_ok","primary","photo","all_methods_common","a","environment_only_full"
5,939,225,16.8954660333302,14.4518480856811,-0.1111212225353,"strict_ok__primary","strict_ok","primary","photo","all_methods_common","a","environment_only_full"
1,910,219,13.9494110794842,11.1362141041739,0.185039696477515,"strict_ok__primary","strict_ok","primary","photo","all_methods_common","a","environment_only_bombus_common"
2,896,233,14.2084704504769,11.1070141848753,0.240947162917623,"strict_ok__primary","strict_ok","primary","photo","all_methods_common","a","environment_only_bombus_common"
3,894,235,13.5404576192356,11.3588070843179,0.443485156145813,"strict_ok__primary","strict_ok","primary","photo","all_methods_common","a","environment_only_bombus_common"
4,902,227,13.8359058049464,10.8951042729763,0.288570266929816,"strict_ok__primary","strict_ok","primary","photo","all_methods_common","a","environment_only_bombus_common"
5,914,215,16.7598443229012,14.2163693145873,-0.086512211897817,"strict_ok__primary","strict_ok","primary","photo","all_methods_common","a","environment_only_bombus_common"
1,910,219,13.9788430242721,10.8714380097797,0.181597089405195,"strict_ok__primary","strict_ok","primary","photo","all_methods_common","a","environment_plus_bombus"
2,896,233,14.4090762554374,11.8698243078612,0.219362103551994,"strict_ok__primary","strict_ok","primary","photo","all_methods_common","a","environment_plus_bombus"
3,894,235,13.0250836693322,10.8495498571939,0.485042827144576,"strict_ok__primary","strict_ok","primary","photo","all_methods_common","a","environment_plus_bombus"
4,902,227,14.1470056945697,11.1423918043743,0.256217638156471,"strict_ok__primary","strict_ok","primary","photo","all_methods_common","a","environment_plus_bombus"
5,914,215,16.2172999459664,13.7211675353416,-0.0173063371663951,"strict_ok__primary","strict_ok","primary","photo","all_methods_common","a","environment_plus_bombus"
1,931,233,10.7117117574786,8.44399044327765,0.147400136565237,"strict_ok__primary","strict_ok","primary","photo","all_methods_common","L","environment_only_full"
2,925,239,10.6459138073479,8.38590333172338,0.187357839901821,"strict_ok__primary","strict_ok","primary","photo","all_methods_common","L","environment_only_full"
3,927,237,13.030047716125,9.87983674638997,0.266192099676466,"strict_ok__primary","strict_ok","primary","photo","all_methods_common","L","environment_only_full"
4,934,230,10.9590737656682,9.04040613666719,0.192317154541736,"strict_ok__primary","strict_ok","primary","photo","all_methods_common","L","environment_only_full"
5,939,225,13.1275389418485,11.0826565073314,-0.0592906401694351,"strict_ok__primary","strict_ok","primary","photo","all_methods_common","L","environment_only_full"
1,910,219,10.7746209553624,8.47303183162706,0.153602450500097,"strict_ok__primary","strict_ok","primary","photo","all_methods_common","L","environment_only_bombus_common"
2,896,233,10.7225721469459,8.46077933620017,0.203599524534409,"strict_ok__primary","strict_ok","primary","photo","all_methods_common","L","environment_only_bombus_common"
3,894,235,13.0234745643759,9.90082842094974,0.270157488560637,"strict_ok__primary","strict_ok","primary","photo","all_methods_common","L","environment_only_bombus_common"
4,902,227,10.8838058373688,8.96521602387286,0.19999828258267,"strict_ok__primary","strict_ok","primary","photo","all_methods_common","L","environment_only_bombus_common"
5,914,215,13.1299562920712,11.0759161764682,-0.0377254184155498,"strict_ok__primary","strict_ok","primary","photo","all_methods_common","L","environment_only_bombus_common"
1,910,219,10.781917688132,8.30426480559,0.152455676431834,"strict_ok__primary","strict_ok","primary","photo","all_methods_common","L","environment_plus_bombus"
2,896,233,10.8374081477451,8.74906221612449,0.186449688361912,"strict_ok__primary","strict_ok","primary","photo","all_methods_common","L","environment_plus_bombus"
3,894,235,12.7475133666308,9.80118728496858,0.300759819877663,"strict_ok__primary","strict_ok","primary","photo","all_methods_common","L","environment_plus_bombus"
4,902,227,11.114252899654,9.06949298430953,0.165762135639819,"strict_ok__primary","strict_ok","primary","photo","all_methods_common","L","environment_plus_bombus"
5,914,215,12.7906280070076,10.6461269436877,0.0152190684146208,"strict_ok__primary","strict_ok","primary","photo","all_methods_common","L","environment_plus_bombus"
1,931,233,10.5320275632216,8.17783690787984,0.0990596193772654,"strict_ok__primary","strict_ok","primary","photo","all_methods_common","b","environment_only_full"
2,925,239,10.6406400499043,8.43534863971401,0.195820421333279,"strict_ok__primary","strict_ok","primary","photo","all_methods_common","b","environment_only_full"
3,927,237,10.5853843625983,8.17436585597125,0.371425410268281,"strict_ok__primary","strict_ok","primary","photo","all_methods_common","b","environment_only_full"
4,934,230,11.8204578239223,9.46674932549065,0.245814548573881,"strict_ok__primary","strict_ok","primary","photo","all_methods_common","b","environment_only_full"
5,939,225,12.1625633370013,10.1923647841516,-0.131107776874813,"strict_ok__primary","strict_ok","primary","photo","all_methods_common","b","environment_only_full"
1,910,219,10.2758476493908,8.1000334749711,0.121729992666316,"strict_ok__primary","strict_ok","primary","photo","all_methods_common","b","environment_only_bombus_common"
2,896,233,10.6800217400396,8.45304673155676,0.205105727255469,"strict_ok__primary","strict_ok","primary","photo","all_methods_common","b","environment_only_bombus_common"
3,894,235,10.5511138500998,8.15842422142625,0.375573716661273,"strict_ok__primary","strict_ok","primary","photo","all_methods_common","b","environment_only_bombus_common"
4,902,227,11.6774030933704,9.3487286123287,0.254468205464512,"strict_ok__primary","strict_ok","primary","photo","all_methods_common","b","environment_only_bombus_common"
5,914,215,12.0302823697999,10.0374643699689,-0.102561999536418,"strict_ok__primary","strict_ok","primary","photo","all_methods_common","b","environment_only_bombus_common"
1,910,219,10.2735692685627,8.05212756873992,0.122119412941574,"strict_ok__primary","strict_ok","primary","photo","all_methods_common","b","environment_plus_bombus"
2,896,233,10.8133911042632,8.66512928429494,0.185128898077858,"strict_ok__primary","strict_ok","primary","photo","all_methods_common","b","environment_plus_bombus"
3,894,235,10.4813714812492,8.14176446370708,0.383801291582426,"strict_ok__primary","strict_ok","primary","photo","all_methods_common","b","environment_plus_bombus"
4,902,227,11.8905218592805,9.56463354074967,0.227007185438753,"strict_ok__primary","strict_ok","primary","photo","all_methods_common","b","environment_plus_bombus"
5,914,215,12.3700951227561,10.3222570184479,-0.165728613465689,"strict_ok__primary","strict_ok","primary","photo","all_methods_common","b","environment_plus_bombus"
1,940,237,13.5478070398657,10.7250778339894,0.158326704362948,"strict_ok__mean","strict_ok","mean","photo","method_specific","a","environment_only_full"
2,936,241,13.4069999731655,10.4792685112068,0.233989967099145,"strict_ok__mean","strict_ok","mean","photo","method_specific","a","environment_only_full"
3,939,238,12.8065568191787,10.7608465613332,0.440781968897986,"strict_ok__mean","strict_ok","mean","photo","method_specific","a","environment_only_full"
4,943,234,13.2854331099926,10.3624370825588,0.281694798998517,"strict_ok__mean","strict_ok","mean","photo","method_specific","a","environment_only_full"
5,950,227,16.0345623101624,13.6980201937708,-0.109350225086595,"strict_ok__mean","strict_ok","mean","photo","method_specific","a","environment_only_full"
1,919,223,13.3232168097875,10.5977247382928,0.179275715265034,"strict_ok__mean","strict_ok","mean","photo","method_specific","a","environment_only_bombus_common"
2,907,235,13.433865818013,10.5062342727576,0.242889698943446,"strict_ok__mean","strict_ok","mean","photo","method_specific","a","environment_only_bombus_common"
3,906,236,12.7161940431737,10.6685875203024,0.448426200273755,"strict_ok__mean","strict_ok","mean","photo","method_specific","a","environment_only_bombus_common"
4,911,231,12.8846724431474,10.123672398529,0.294846695097145,"strict_ok__mean","strict_ok","mean","photo","method_specific","a","environment_only_bombus_common"
5,925,217,15.8997342703517,13.4831784654642,-0.0852260178975994,"strict_ok__mean","strict_ok","mean","photo","method_specific","a","environment_only_bombus_common"
1,919,223,13.3363212511087,10.3241490184753,0.177660426307796,"strict_ok__mean","strict_ok","mean","photo","method_specific","a","environment_plus_bombus"
2,907,235,13.6132609835692,11.2024238127741,0.22253385956911,"strict_ok__mean","strict_ok","mean","photo","method_specific","a","environment_plus_bombus"
3,906,236,12.2537024631092,10.1945583425004,0.487818370558273,"strict_ok__mean","strict_ok","mean","photo","method_specific","a","environment_plus_bombus"
4,911,231,13.2539095175286,10.3988961982629,0.253852335595422,"strict_ok__mean","strict_ok","mean","photo","method_specific","a","environment_plus_bombus"
5,925,217,15.4281697362033,13.0551683334365,-0.0218079598298979,"strict_ok__mean","strict_ok","mean","photo","method_specific","a","environment_plus_bombus"
1,931,233,13.6010833284653,10.7568832093762,0.156395899989167,"strict_ok__mean","strict_ok","mean","photo","all_methods_common","a","environment_only_full"
2,925,239,13.4518069925543,10.534133056514,0.236259759481673,"strict_ok__mean","strict_ok","mean","photo","all_methods_common","a","environment_only_full"
3,927,237,12.7666393338565,10.7342502838852,0.444257572400032,"strict_ok__mean","strict_ok","mean","photo","all_methods_common","a","environment_only_full"
4,934,230,13.3422853903164,10.4417654411694,0.28537475737414,"strict_ok__mean","strict_ok","mean","photo","all_methods_common","a","environment_only_full"
5,939,225,16.0521188781186,13.7091458000155,-0.104415268349127,"strict_ok__mean","strict_ok","mean","photo","all_methods_common","a","environment_only_full"
1,910,219,13.3779307625756,10.6326894812923,0.177112661019475,"strict_ok__mean","strict_ok","mean","photo","all_methods_common","a","environment_only_bombus_common"
2,896,233,13.4810513538964,10.5655604001755,0.245313225491849,"strict_ok__mean","strict_ok","mean","photo","all_methods_common","a","environment_only_bombus_common"
3,894,235,12.675435700754,10.6396152202663,0.451855455394804,"strict_ok__mean","strict_ok","mean","photo","all_methods_common","a","environment_only_bombus_common"
4,902,227,12.9342386488057,10.199955296546,0.299066976546407,"strict_ok__mean","strict_ok","mean","photo","all_methods_common","a","environment_only_bombus_common"
5,914,215,15.9137048356806,13.4888145210829,-0.0798795275923827,"strict_ok__mean","strict_ok","mean","photo","all_methods_common","a","environment_only_bombus_common"
1,910,219,13.4093233881233,10.3823184164788,0.17324615820729,"strict_ok__mean","strict_ok","mean","photo","all_methods_common","a","environment_plus_bombus"
2,896,233,13.6663280579985,11.2640241082843,0.224426616229139,"strict_ok__mean","strict_ok","mean","photo","all_methods_common","a","environment_plus_bombus"
3,894,235,12.21794356524,10.1503858498767,0.490709549861238,"strict_ok__mean","strict_ok","mean","photo","all_methods_common","a","environment_plus_bombus"
4,902,227,13.2539641577646,10.4410332828133,0.263985508016986,"strict_ok__mean","strict_ok","mean","photo","all_methods_common","a","environment_plus_bombus"
5,914,215,15.4380867147959,13.0604941783589,-0.0162947046343878,"strict_ok__mean","strict_ok","mean","photo","all_methods_common","a","environment_plus_bombus"
1,931,233,13.7499313404284,10.9634944926497,0.164089360214829,"strict_ok__legacy","strict_ok","legacy","photo","method_specific","a","environment_only_full"
2,925,239,13.536385009486,10.7459569774719,0.239373107541452,"strict_ok__legacy","strict_ok","legacy","photo","method_specific","a","environment_only_full"
3,927,237,12.804256848489,10.8654413345804,0.447804357199534,"strict_ok__legacy","strict_ok","legacy","photo","method_specific","a","environment_only_full"
4,934,230,13.4808412464214,10.7149854741922,0.287001319897383,"strict_ok__legacy","strict_ok","legacy","photo","method_specific","a","environment_only_full"
5,939,225,16.2080288692507,14.0815259872531,-0.10038775993674,"strict_ok__legacy","strict_ok","legacy","photo","method_specific","a","environment_only_full"
1,910,219,13.5461875950874,10.8394740246271,0.184835988341328,"strict_ok__legacy","strict_ok","legacy","photo","method_specific","a","environment_only_bombus_common"
2,896,233,13.5735574655437,10.7925130219358,0.248729670160889,"strict_ok__legacy","strict_ok","legacy","photo","method_specific","a","environment_only_bombus_common"
3,894,235,12.7095391899448,10.7669455233343,0.45547222944707,"strict_ok__legacy","strict_ok","legacy","photo","method_specific","a","environment_only_bombus_common"
4,902,227,13.0929517939978,10.4790169717213,0.300061465719944,"strict_ok__legacy","strict_ok","legacy","photo","method_specific","a","environment_only_bombus_common"
5,914,215,16.0666068504111,13.86286578987,-0.0754542864823624,"strict_ok__legacy","strict_ok","legacy","photo","method_specific","a","environment_only_bombus_common"
1,910,219,13.5574906598695,10.5904627892465,0.18347505994302,"strict_ok__legacy","strict_ok","legacy","photo","method_specific","a","environment_plus_bombus"
2,896,233,13.7675778103266,11.4978312039681,0.227098865206999,"strict_ok__legacy","strict_ok","legacy","photo","method_specific","a","environment_plus_bombus"
3,894,235,12.2639730281325,10.249845713223,0.492982677372364,"strict_ok__legacy","strict_ok","legacy","photo","method_specific","a","environment_plus_bombus"
4,902,227,13.3580697094841,10.6289530983932,0.271428502793291,"strict_ok__legacy","strict_ok","legacy","photo","method_specific","a","environment_plus_bombus"
5,914,215,15.620308565535,13.4692102902666,-0.0165361768736234,"strict_ok__legacy","strict_ok","legacy","photo","method_specific","a","environment_plus_bombus"
1,931,233,13.7499313404284,10.9634944926497,0.164089360214829,"strict_ok__legacy","strict_ok","legacy","photo","all_methods_common","a","environment_only_full"
2,925,239,13.536385009486,10.7459569774719,0.239373107541452,"strict_ok__legacy","strict_ok","legacy","photo","all_methods_common","a","environment_only_full"
3,927,237,12.804256848489,10.8654413345804,0.447804357199534,"strict_ok__legacy","strict_ok","legacy","photo","all_methods_common","a","environment_only_full"
4,934,230,13.4808412464214,10.7149854741922,0.287001319897383,"strict_ok__legacy","strict_ok","legacy","photo","all_methods_common","a","environment_only_full"
5,939,225,16.2080288692507,14.0815259872531,-0.10038775993674,"strict_ok__legacy","strict_ok","legacy","photo","all_methods_common","a","environment_only_full"
1,910,219,13.5461875950874,10.8394740246271,0.184835988341328,"strict_ok__legacy","strict_ok","legacy","photo","all_methods_common","a","environment_only_bombus_common"
2,896,233,13.5735574655437,10.7925130219358,0.248729670160889,"strict_ok__legacy","strict_ok","legacy","photo","all_methods_common","a","environment_only_bombus_common"
3,894,235,12.7095391899448,10.7669455233343,0.45547222944707,"strict_ok__legacy","strict_ok","legacy","photo","all_methods_common","a","environment_only_bombus_common"
4,902,227,13.0929517939978,10.4790169717213,0.300061465719944,"strict_ok__legacy","strict_ok","legacy","photo","all_methods_common","a","environment_only_bombus_common"
5,914,215,16.0666068504111,13.86286578987,-0.0754542864823624,"strict_ok__legacy","strict_ok","legacy","photo","all_methods_common","a","environment_only_bombus_common"
1,910,219,13.5574906598695,10.5904627892465,0.18347505994302,"strict_ok__legacy","strict_ok","legacy","photo","all_methods_common","a","environment_plus_bombus"
2,896,233,13.7675778103266,11.4978312039681,0.227098865206999,"strict_ok__legacy","strict_ok","legacy","photo","all_methods_common","a","environment_plus_bombus"
3,894,235,12.2639730281325,10.249845713223,0.492982677372364,"strict_ok__legacy","strict_ok","legacy","photo","all_methods_common","a","environment_plus_bombus"
4,902,227,13.3580697094841,10.6289530983932,0.271428502793291,"strict_ok__legacy","strict_ok","legacy","photo","all_methods_common","a","environment_plus_bombus"
5,914,215,15.620308565535,13.4692102902666,-0.0165361768736234,"strict_ok__legacy","strict_ok","legacy","photo","all_methods_common","a","environment_plus_bombus"
1,940,237,14.4044953319571,11.3581328108208,0.176551419055708,"strict_ok__hsv_peak","strict_ok","hsv_peak","photo","method_specific","a","environment_only_full"
2,936,241,14.3827088084554,11.086132733146,0.230788792812075,"strict_ok__hsv_peak","strict_ok","hsv_peak","photo","method_specific","a","environment_only_full"
3,939,238,14.1600077190177,11.7456959807241,0.436964520955731,"strict_ok__hsv_peak","strict_ok","hsv_peak","photo","method_specific","a","environment_only_full"
4,943,234,14.56318848001,11.4650260122566,0.274646151877492,"strict_ok__hsv_peak","strict_ok","hsv_peak","photo","method_specific","a","environment_only_full"
5,950,227,17.2884468658424,14.9179579238129,-0.103758913633101,"strict_ok__hsv_peak","strict_ok","hsv_peak","photo","method_specific","a","environment_only_full"
1,919,223,14.1542657816785,11.2299115326085,0.198351056821114,"strict_ok__hsv_peak","strict_ok","hsv_peak","photo","method_specific","a","environment_only_bombus_common"
2,907,235,14.4001845670122,11.09655691973,0.241936876308158,"strict_ok__hsv_peak","strict_ok","hsv_peak","photo","method_specific","a","environment_only_bombus_common"
3,906,236,14.0680009818123,11.6591959857422,0.44405481677926,"strict_ok__hsv_peak","strict_ok","hsv_peak","photo","method_specific","a","environment_only_bombus_common"
4,911,231,14.1643290901613,11.2100561822659,0.287274521794917,"strict_ok__hsv_peak","strict_ok","hsv_peak","photo","method_specific","a","environment_only_bombus_common"
5,925,217,17.163196814645,14.6970771040635,-0.080408799432069,"strict_ok__hsv_peak","strict_ok","hsv_peak","photo","method_specific","a","environment_only_bombus_common"
1,919,223,14.1320039460686,10.8664034280106,0.200870741420427,"strict_ok__hsv_peak","strict_ok","hsv_peak","photo","method_specific","a","environment_plus_bombus"
2,907,235,14.5908421828423,11.9002571793772,0.22173056645954,"strict_ok__hsv_peak","strict_ok","hsv_peak","photo","method_specific","a","environment_plus_bombus"
3,906,236,13.4969775115518,11.187290103094,0.488270751346879,"strict_ok__hsv_peak","strict_ok","hsv_peak","photo","method_specific","a","environment_plus_bombus"
4,911,231,14.5025757668778,11.4137141926125,0.252828060717801,"strict_ok__hsv_peak","strict_ok","hsv_peak","photo","method_specific","a","environment_plus_bombus"
5,925,217,16.562081230304,14.0781295943187,-0.00605463908523629,"strict_ok__hsv_peak","strict_ok","hsv_peak","photo","method_specific","a","environment_plus_bombus"
1,931,233,14.4567779933448,11.3984736457522,0.175615350114568,"strict_ok__hsv_peak","strict_ok","hsv_peak","photo","all_methods_common","a","environment_only_full"
2,925,239,14.4297608319951,11.150143486749,0.233367533534747,"strict_ok__hsv_peak","strict_ok","hsv_peak","photo","all_methods_common","a","environment_only_full"
3,927,237,14.1137317504527,11.7165379649068,0.440412532088996,"strict_ok__hsv_peak","strict_ok","hsv_peak","photo","all_methods_common","a","environment_only_full"
4,934,230,14.627825515763,11.5415048787957,0.278157689905083,"strict_ok__hsv_peak","strict_ok","hsv_peak","photo","all_methods_common","a","environment_only_full"
5,939,225,17.3151907461751,14.9397444213566,-0.0997941205468478,"strict_ok__hsv_peak","strict_ok","hsv_peak","photo","all_methods_common","a","environment_only_full"
1,910,219,14.2076314555468,11.2702134554148,0.197254012086448,"strict_ok__hsv_peak","strict_ok","hsv_peak","photo","all_methods_common","a","environment_only_bombus_common"
2,896,233,14.4496612387083,11.1641993430955,0.244691779672637,"strict_ok__hsv_peak","strict_ok","hsv_peak","photo","all_methods_common","a","environment_only_bombus_common"
3,894,235,14.0208449296317,11.6285507430627,0.447448977100115,"strict_ok__hsv_peak","strict_ok","hsv_peak","photo","all_methods_common","a","environment_only_bombus_common"
4,902,227,14.2216183049482,11.2804496543524,0.291265977441227,"strict_ok__hsv_peak","strict_ok","hsv_peak","photo","all_methods_common","a","environment_only_bombus_common"
5,914,215,17.1861094340733,14.7126763271515,-0.0760356955024717,"strict_ok__hsv_peak","strict_ok","hsv_peak","photo","all_methods_common","a","environment_only_bombus_common"
1,910,219,14.2055007336711,10.9309379494513,0.197494770046103,"strict_ok__hsv_peak","strict_ok","hsv_peak","photo","all_methods_common","a","environment_plus_bombus"
2,896,233,14.6483505126539,11.971720003464,0.223777321493414,"strict_ok__hsv_peak","strict_ok","hsv_peak","photo","all_methods_common","a","environment_plus_bombus"
3,894,235,13.4566896890601,11.1499304357787,0.491020265843431,"strict_ok__hsv_peak","strict_ok","hsv_peak","photo","all_methods_common","a","environment_plus_bombus"
4,902,227,14.5100881628552,11.4469472546829,0.262222600851108,"strict_ok__hsv_peak","strict_ok","hsv_peak","photo","all_methods_common","a","environment_plus_bombus"
5,914,215,16.5836484022938,14.0961628791234,-0.00191688510687849,"strict_ok__hsv_peak","strict_ok","hsv_peak","photo","all_methods_common","a","environment_plus_bombus"
1,940,237,14.4041581099485,11.3578077594839,0.176175017099491,"strict_ok__hsv_exposure_filtered_peak","strict_ok","hsv_exposure_filtered_peak","photo","method_specific","a","environment_only_full"
2,936,241,14.3882823355527,11.0959607323941,0.230754866677721,"strict_ok__hsv_exposure_filtered_peak","strict_ok","hsv_exposure_filtered_peak","photo","method_specific","a","environment_only_full"
3,939,238,14.1559752335328,11.738896260011,0.436857033338116,"strict_ok__hsv_exposure_filtered_peak","strict_ok","hsv_exposure_filtered_peak","photo","method_specific","a","environment_only_full"
4,943,234,14.5648809390093,11.4647968357282,0.274626347002676,"strict_ok__hsv_exposure_filtered_peak","strict_ok","hsv_exposure_filtered_peak","photo","method_specific","a","environment_only_full"
5,950,227,17.2892814157249,14.9181128687259,-0.103771148780802,"strict_ok__hsv_exposure_filtered_peak","strict_ok","hsv_exposure_filtered_peak","photo","method_specific","a","environment_only_full"
1,919,223,14.1536017646412,11.2294977011695,0.19799885675334,"strict_ok__hsv_exposure_filtered_peak","strict_ok","hsv_exposure_filtered_peak","photo","method_specific","a","environment_only_bombus_common"
2,907,235,14.4060821240452,11.1071148694275,0.241890354544103,"strict_ok__hsv_exposure_filtered_peak","strict_ok","hsv_exposure_filtered_peak","photo","method_specific","a","environment_only_bombus_common"
3,906,236,14.0639290871063,11.6474314080762,0.443946435264031,"strict_ok__hsv_exposure_filtered_peak","strict_ok","hsv_exposure_filtered_peak","photo","method_specific","a","environment_only_bombus_common"
4,911,231,14.165188050868,11.2091222075166,0.287300009197767,"strict_ok__hsv_exposure_filtered_peak","strict_ok","hsv_exposure_filtered_peak","photo","method_specific","a","environment_only_bombus_common"
5,925,217,17.1639776382977,14.6972635426857,-0.0803980520409797,"strict_ok__hsv_exposure_filtered_peak","strict_ok","hsv_exposure_filtered_peak","photo","method_specific","a","environment_only_bombus_common"
1,919,223,14.1323064242562,10.8669174273948,0.20041040390202,"strict_ok__hsv_exposure_filtered_peak","strict_ok","hsv_exposure_filtered_peak","photo","method_specific","a","environment_plus_bombus"
2,907,235,14.5987196376659,11.9107755794592,0.221479978067078,"strict_ok__hsv_exposure_filtered_peak","strict_ok","hsv_exposure_filtered_peak","photo","method_specific","a","environment_plus_bombus"
3,906,236,13.4940948780703,11.1758100848259,0.48809330191122,"strict_ok__hsv_exposure_filtered_peak","strict_ok","hsv_exposure_filtered_peak","photo","method_specific","a","environment_plus_bombus"
4,911,231,14.5019022771573,11.4108837637622,0.253014773049751,"strict_ok__hsv_exposure_filtered_peak","strict_ok","hsv_exposure_filtered_peak","photo","method_specific","a","environment_plus_bombus"
5,925,217,16.5639823763813,14.0793937730445,-0.00618405757106166,"strict_ok__hsv_exposure_filtered_peak","strict_ok","hsv_exposure_filtered_peak","photo","method_specific","a","environment_plus_bombus"
1,931,233,14.4565132794383,11.3982509063787,0.17522727969038,"strict_ok__hsv_exposure_filtered_peak","strict_ok","hsv_exposure_filtered_peak","photo","all_methods_common","a","environment_only_full"
2,925,239,14.4354178577673,11.1600879896594,0.233328357457901,"strict_ok__hsv_exposure_filtered_peak","strict_ok","hsv_exposure_filtered_peak","photo","all_methods_common","a","environment_only_full"
3,927,237,14.1097928404184,11.7091365309009,0.440298472549362,"strict_ok__hsv_exposure_filtered_peak","strict_ok","hsv_exposure_filtered_peak","photo","all_methods_common","a","environment_only_full"
4,934,230,14.6296181456902,11.5413401753953,0.278129626227756,"strict_ok__hsv_exposure_filtered_peak","strict_ok","hsv_exposure_filtered_peak","photo","all_methods_common","a","environment_only_full"
5,939,225,17.3160001926145,14.9398807216203,-0.0998027953182925,"strict_ok__hsv_exposure_filtered_peak","strict_ok","hsv_exposure_filtered_peak","photo","all_methods_common","a","environment_only_full"
1,910,219,14.207037610577,11.2699072651986,0.196889675676315,"strict_ok__hsv_exposure_filtered_peak","strict_ok","hsv_exposure_filtered_peak","photo","all_methods_common","a","environment_only_bombus_common"
2,896,233,14.455659175896,11.1749628889412,0.24463866119379,"strict_ok__hsv_exposure_filtered_peak","strict_ok","hsv_exposure_filtered_peak","photo","all_methods_common","a","environment_only_bombus_common"
3,894,235,14.0168721465048,11.6161359451028,0.44733360142753,"strict_ok__hsv_exposure_filtered_peak","strict_ok","hsv_exposure_filtered_peak","photo","all_methods_common","a","environment_only_bombus_common"
4,902,227,14.222576195416,11.2795693364267,0.291282284711554,"strict_ok__hsv_exposure_filtered_peak","strict_ok","hsv_exposure_filtered_peak","photo","all_methods_common","a","environment_only_bombus_common"
5,914,215,17.1868627544393,14.7128461422495,-0.076021010910887,"strict_ok__hsv_exposure_filtered_peak","strict_ok","hsv_exposure_filtered_peak","photo","all_methods_common","a","environment_only_bombus_common"
1,910,219,14.2058699287852,10.9314773165497,0.197021686133404,"strict_ok__hsv_exposure_filtered_peak","strict_ok","hsv_exposure_filtered_peak","photo","all_methods_common","a","environment_plus_bombus"
2,896,233,14.6563233820186,11.9823621185772,0.223522223952196,"strict_ok__hsv_exposure_filtered_peak","strict_ok","hsv_exposure_filtered_peak","photo","all_methods_common","a","environment_plus_bombus"
3,894,235,13.4539042042791,11.1384048097967,0.490836223565765,"strict_ok__hsv_exposure_filtered_peak","strict_ok","hsv_exposure_filtered_peak","photo","all_methods_common","a","environment_plus_bombus"
4,902,227,14.5096114180205,11.4441742069365,0.262387421886135,"strict_ok__hsv_exposure_filtered_peak","strict_ok","hsv_exposure_filtered_peak","photo","all_methods_common","a","environment_plus_bombus"
5,914,215,16.5855384711675,14.0973691922641,-0.00204375524029254,"strict_ok__hsv_exposure_filtered_peak","strict_ok","hsv_exposure_filtered_peak","photo","all_methods_common","a","environment_plus_bombus"
1,940,237,14.406902480988,11.3599062921136,0.176503031404471,"strict_ok__alpha_peak","strict_ok","alpha_peak","photo","method_specific","a","environment_only_full"
2,936,241,14.382048544308,11.0795499932883,0.230555694467046,"strict_ok__alpha_peak","strict_ok","alpha_peak","photo","method_specific","a","environment_only_full"
3,939,238,14.161504307556,11.7380372707431,0.436931156269047,"strict_ok__alpha_peak","strict_ok","alpha_peak","photo","method_specific","a","environment_only_full"
4,943,234,14.564195762155,11.4626003855957,0.27477059867001,"strict_ok__alpha_peak","strict_ok","alpha_peak","photo","method_specific","a","environment_only_full"
5,950,227,17.2855147695722,14.9185460433264,-0.103771747946183,"strict_ok__alpha_peak","strict_ok","alpha_peak","photo","method_specific","a","environment_only_full"
1,919,223,14.1556741723769,11.2304868999191,0.198280434945741,"strict_ok__alpha_peak","strict_ok","alpha_peak","photo","method_specific","a","environment_only_bombus_common"
2,907,235,14.3992529094606,11.0896398276969,0.241726132277833,"strict_ok__alpha_peak","strict_ok","alpha_peak","photo","method_specific","a","environment_only_bombus_common"
3,906,236,14.0695185038577,11.652865235214,0.444018874028421,"strict_ok__alpha_peak","strict_ok","alpha_peak","photo","method_specific","a","environment_only_bombus_common"
4,911,231,14.1654895798886,11.2076570787444,0.287384508632274,"strict_ok__alpha_peak","strict_ok","alpha_peak","photo","method_specific","a","environment_only_bombus_common"
5,925,217,17.1605255744187,14.6981008242174,-0.080415730907849,"strict_ok__alpha_peak","strict_ok","alpha_peak","photo","method_specific","a","environment_only_bombus_common"
1,919,223,14.1339626029413,10.8676131746461,0.200737858156682,"strict_ok__alpha_peak","strict_ok","alpha_peak","photo","method_specific","a","environment_plus_bombus"
2,907,235,14.5879493685451,11.8926489394985,0.221722161038513,"strict_ok__alpha_peak","strict_ok","alpha_peak","photo","method_specific","a","environment_plus_bombus"
3,906,236,13.4994313937866,11.1910065849642,0.488161993918456,"strict_ok__alpha_peak","strict_ok","alpha_peak","photo","method_specific","a","environment_plus_bombus"
4,911,231,14.50295609733,11.4109661607922,0.253026584347511,"strict_ok__alpha_peak","strict_ok","alpha_peak","photo","method_specific","a","environment_plus_bombus"
5,925,217,16.5593304506917,14.079263193275,-0.00604006103608934,"strict_ok__alpha_peak","strict_ok","alpha_peak","photo","method_specific","a","environment_plus_bombus"
1,931,233,14.4595145544319,11.4011086342532,0.175592190361633,"strict_ok__alpha_peak","strict_ok","alpha_peak","photo","all_methods_common","a","environment_only_full"
2,925,239,14.4291063258563,11.1441870787165,0.233169287185786,"strict_ok__alpha_peak","strict_ok","alpha_peak","photo","all_methods_common","a","environment_only_full"
3,927,237,14.1148214002042,11.7094816614512,0.440382668860996,"strict_ok__alpha_peak","strict_ok","alpha_peak","photo","all_methods_common","a","environment_only_full"
4,934,230,14.6273228929425,11.5352926657045,0.278356910424757,"strict_ok__alpha_peak","strict_ok","alpha_peak","photo","all_methods_common","a","environment_only_full"
5,939,225,17.3129266847016,14.9410309542497,-0.0998761808717403,"strict_ok__alpha_peak","strict_ok","alpha_peak","photo","all_methods_common","a","environment_only_full"
1,910,219,14.2093619524554,11.2716301765286,0.197210817342687,"strict_ok__alpha_peak","strict_ok","alpha_peak","photo","all_methods_common","a","environment_only_bombus_common"
2,896,233,14.4487739723463,11.1578514773054,0.244513894584017,"strict_ok__alpha_peak","strict_ok","alpha_peak","photo","all_methods_common","a","environment_only_bombus_common"
3,894,235,14.02196289292,11.6227965221277,0.44741493254072,"strict_ok__alpha_peak","strict_ok","alpha_peak","photo","all_methods_common","a","environment_only_bombus_common"
4,902,227,14.2211373714291,11.274222732644,0.291459427489973,"strict_ok__alpha_peak","strict_ok","alpha_peak","photo","all_methods_common","a","environment_only_bombus_common"
5,914,215,17.184059979351,14.7143623875392,-0.0761079881494016,"strict_ok__alpha_peak","strict_ok","alpha_peak","photo","all_methods_common","a","environment_only_bombus_common"
1,910,219,14.2077175151265,10.9329045569298,0.197396618804357,"strict_ok__alpha_peak","strict_ok","alpha_peak","photo","all_methods_common","a","environment_plus_bombus"
2,896,233,14.6457041039331,11.964818035325,0.223779697193611,"strict_ok__alpha_peak","strict_ok","alpha_peak","photo","all_methods_common","a","environment_plus_bombus"
3,894,235,13.4588936513272,11.1547505642959,0.490903348287746,"strict_ok__alpha_peak","strict_ok","alpha_peak","photo","all_methods_common","a","environment_plus_bombus"
4,902,227,14.5091669474011,11.4403884691754,0.262467748188321,"strict_ok__alpha_peak","strict_ok","alpha_peak","photo","all_methods_common","a","environment_plus_bombus"
5,914,215,16.5816530396244,14.0980762484143,-0.0019820527528347,"strict_ok__alpha_peak","strict_ok","alpha_peak","photo","all_methods_common","a","environment_plus_bombus"
1,1533,384,14.0132600765308,11.068134002964,0.182772585669103,"inclusive__primary__site","inclusive","primary","site","method_specific","a","environment_only_full"
2,1534,383,13.8516288707739,10.9802770380172,0.262208336473393,"inclusive__primary__site","inclusive","primary","site","method_specific","a","environment_only_full"
3,1533,384,14.0314250885305,11.6422879390658,0.455361453808606,"inclusive__primary__site","inclusive","primary","site","method_specific","a","environment_only_full"
4,1533,384,13.9842712209545,10.9870489350332,0.255386473831998,"inclusive__primary__site","inclusive","primary","site","method_specific","a","environment_only_full"
5,1535,382,16.3519952512316,13.9822574569399,-0.112099860366292,"inclusive__primary__site","inclusive","primary","site","method_specific","a","environment_only_full"
1,1489,362,13.8361435586649,10.9515258422726,0.207386172159663,"inclusive__primary__site","inclusive","primary","site","method_specific","a","environment_only_bombus_common"
2,1479,372,13.9280844925652,11.1192126603862,0.272713630547926,"inclusive__primary__site","inclusive","primary","site","method_specific","a","environment_only_bombus_common"
3,1471,380,13.9443209309137,11.5658279255904,0.461143177137901,"inclusive__primary__site","inclusive","primary","site","method_specific","a","environment_only_bombus_common"
4,1477,374,13.7226765586109,10.7969891152046,0.270529380671915,"inclusive__primary__site","inclusive","primary","site","method_specific","a","environment_only_bombus_common"
5,1488,363,16.1485465215947,13.7037857691654,-0.0799154830803352,"inclusive__primary__site","inclusive","primary","site","method_specific","a","environment_only_bombus_common"
1,1489,362,13.775064983224,10.6489495106362,0.214368590112723,"inclusive__primary__site","inclusive","primary","site","method_specific","a","environment_plus_bombus"
2,1479,372,14.2938865901398,12.0140547546392,0.234009599726901,"inclusive__primary__site","inclusive","primary","site","method_specific","a","environment_plus_bombus"
3,1471,380,13.1661749697059,10.8240141148152,0.519605649334116,"inclusive__primary__site","inclusive","primary","site","method_specific","a","environment_plus_bombus"
4,1477,374,14.1206541680403,11.0860300257397,0.227604413151731,"inclusive__primary__site","inclusive","primary","site","method_specific","a","environment_plus_bombus"
5,1488,363,15.3591564595063,13.0064671655508,0.0230831087646219,"inclusive__primary__site","inclusive","primary","site","method_specific","a","environment_plus_bombus"
1,1533,384,10.9915058783768,9.00159121806855,0.181352315249114,"inclusive__primary__site","inclusive","primary","site","method_specific","L","environment_only_full"
2,1534,383,11.1129258400046,8.8081443594812,0.215940769780512,"inclusive__primary__site","inclusive","primary","site","method_specific","L","environment_only_full"
3,1533,384,14.4567571077432,11.1750731383395,0.294923176381683,"inclusive__primary__site","inclusive","primary","site","method_specific","L","environment_only_full"
4,1533,384,12.1174383138301,9.70808804600546,0.176935797851946,"inclusive__primary__site","inclusive","primary","site","method_specific","L","environment_only_full"
5,1535,382,13.5209959371911,11.2976727444179,-0.0703378724953159,"inclusive__primary__site","inclusive","primary","site","method_specific","L","environment_only_full"
1,1489,362,10.9218033788814,8.96017457141967,0.197141148948224,"inclusive__primary__site","inclusive","primary","site","method_specific","L","environment_only_bombus_common"
2,1479,372,11.167291576282,8.87065902278987,0.234923365171717,"inclusive__primary__site","inclusive","primary","site","method_specific","L","environment_only_bombus_common"
3,1471,380,14.4350193278033,11.1880558950899,0.295303075224959,"inclusive__primary__site","inclusive","primary","site","method_specific","L","environment_only_bombus_common"
4,1477,374,12.0741766503608,9.6586728687678,0.181159050803552,"inclusive__primary__site","inclusive","primary","site","method_specific","L","environment_only_bombus_common"
5,1488,363,13.374334874936,11.1698330765374,-0.0389786176579554,"inclusive__primary__site","inclusive","primary","site","method_specific","L","environment_only_bombus_common"
1,1489,362,10.8785962357273,8.78593116989337,0.203480875094356,"inclusive__primary__site","inclusive","primary","site","method_specific","L","environment_plus_bombus"
2,1479,372,11.3704545713348,9.25036768500223,0.206832551618099,"inclusive__primary__site","inclusive","primary","site","method_specific","L","environment_plus_bombus"
3,1471,380,13.9018510572157,10.9161266319397,0.34639871209849,"inclusive__primary__site","inclusive","primary","site","method_specific","L","environment_plus_bombus"
4,1477,374,12.3337058467711,9.84742507061639,0.145579469913898,"inclusive__primary__site","inclusive","primary","site","method_specific","L","environment_plus_bombus"
5,1488,363,12.8031953941823,10.5605775950093,0.0478640341164119,"inclusive__primary__site","inclusive","primary","site","method_specific","L","environment_plus_bombus"
1,1533,384,10.2880620803491,8.16515330969479,0.130330441800351,"inclusive__primary__site","inclusive","primary","site","method_specific","b","environment_only_full"
2,1534,383,10.6181369157081,8.37914679804307,0.209354591223675,"inclusive__primary__site","inclusive","primary","site","method_specific","b","environment_only_full"
3,1533,384,11.5550035114557,8.86881513370159,0.338817190938911,"inclusive__primary__site","inclusive","primary","site","method_specific","b","environment_only_full"
4,1533,384,11.7160104176403,9.28120700625267,0.235875854618995,"inclusive__primary__site","inclusive","primary","site","method_specific","b","environment_only_full"
5,1535,382,12.5583122078872,10.2854363415159,-0.0844645484206838,"inclusive__primary__site","inclusive","primary","site","method_specific","b","environment_only_full"
1,1489,362,10.1662073289394,8.14118261940158,0.154830465814106,"inclusive__primary__site","inclusive","primary","site","method_specific","b","environment_only_bombus_common"
2,1479,372,10.7220135066517,8.48771351627746,0.216374164537371,"inclusive__primary__site","inclusive","primary","site","method_specific","b","environment_only_bombus_common"
3,1471,380,11.5263383483862,8.84824181680196,0.343327424386785,"inclusive__primary__site","inclusive","primary","site","method_specific","b","environment_only_bombus_common"
4,1477,374,11.6634590739476,9.24964696949683,0.245448472802819,"inclusive__primary__site","inclusive","primary","site","method_specific","b","environment_only_bombus_common"
5,1488,363,12.3591970264114,10.0762414962817,-0.0485838864760044,"inclusive__primary__site","inclusive","primary","site","method_specific","b","environment_only_bombus_common"
1,1489,362,10.1208080986693,8.05217507784333,0.162362157920414,"inclusive__primary__site","inclusive","primary","site","method_specific","b","environment_plus_bombus"
2,1479,372,10.9133087220388,8.76787179519432,0.188162837112031,"inclusive__primary__site","inclusive","primary","site","method_specific","b","environment_plus_bombus"
3,1471,380,11.3875355864067,8.7649399663115,0.359047794950209,"inclusive__primary__site","inclusive","primary","site","method_specific","b","environment_plus_bombus"
4,1477,374,11.8738203018637,9.43188737346233,0.217984957717795,"inclusive__primary__site","inclusive","primary","site","method_specific","b","environment_plus_bombus"
5,1488,363,12.3370594530528,10.0561143112553,-0.0448308411588976,"inclusive__primary__site","inclusive","primary","site","method_specific","b","environment_plus_bombus"
